method,width,threads,repetitions,mean_seconds,sample_sd_seconds,output_contract,failure_status,whole_multiplier_approved,correct,whole_product_log2_estimate,failure_target_met,failure_basis,affinity_enforced,peak_rss_bytes
hybrid-grouped-rev-ld,128,1,5,12.8751921568,0.025157588444296244,lower-W clean radix-4,conditional-gaussian,False,True,-131.2613943316183,True,conditional Gaussian screen,True,628727808
hybrid-cached-rev-ld,128,1,5,17.4682470806,0.05346679016118712,lower-W clean radix-4,conditional-gaussian,False,True,-131.11188559228907,True,conditional Gaussian screen,True,529076224
st-reported-r2,128,1,5,42.9580963262,0.06347284257790818,lower-W small-key CC2 at delta 2^61,unverifiable-paper-parameters,False,True,nan,False,unverifiable: paper Table 2 parameters with assumed noise and CC2 delta 2^52; screen not applicable,True,470966272
tfhe-rs,128,1,5,110.9607151842,0.050130593246290246,lower-W clean radix-4,library-per-PBS,False,True,-115.83067815204605,False,"per-PBS library label + log2(measured PBS count), union bound",True,271560704
tfhe-rs-ks28,128,1,5,117.9546208666,0.031650059991317404,lower-W clean radix-4,model-per-PBS,False,True,-136.03367815204604,True,"per-PBS library label + log2(measured PBS count), union bound",True,313294848
clot-bfv,128,1,5,64.8765059338,0.02574774196986327,lower-W clean radix-4,conditional-gaussian-layout-aware,False,True,-233.2012628237316,True,conditional Gaussian screen,True,4619350016
hybrid-cached-rev-ld,128,2,5,8.9948986166,0.021238467084130384,lower-W clean radix-4,conditional-gaussian,False,True,-131.11188559228907,True,conditional Gaussian screen,True,530698240
st-reported-r2,128,2,5,22.0354174818,0.009762714890337608,lower-W small-key CC2 at delta 2^61,unverifiable-paper-parameters,False,True,nan,False,unverifiable: paper Table 2 parameters with assumed noise and CC2 delta 2^52; screen not applicable,True,472170496
tfhe-rs,128,2,5,56.9790659114,0.024286231455633966,lower-W clean radix-4,library-per-PBS,False,True,-115.83067815204605,False,"per-PBS library label + log2(measured PBS count), union bound",True,270553088
tfhe-rs-ks28,128,2,5,60.4984247042,0.04924300900992661,lower-W clean radix-4,model-per-PBS,False,True,-136.03367815204604,True,"per-PBS library label + log2(measured PBS count), union bound",True,314261504
clot-bfv,128,2,5,33.0086334516,0.06674192788187026,lower-W clean radix-4,conditional-gaussian-layout-aware,False,True,-233.2012628237316,True,conditional Gaussian screen,True,4619350016
hybrid-grouped-rev-ld,128,2,5,6.5930955058,0.012901724122174399,lower-W clean radix-4,conditional-gaussian,False,True,-131.2613943316183,True,conditional Gaussian screen,True,629252096
st-reported-r2,128,4,5,11.334263647,0.09061793735255103,lower-W small-key CC2 at delta 2^61,unverifiable-paper-parameters,False,True,nan,False,unverifiable: paper Table 2 parameters with assumed noise and CC2 delta 2^52; screen not applicable,True,473632768
tfhe-rs,128,4,5,29.422919676,0.027311116551056572,lower-W clean radix-4,library-per-PBS,False,True,-115.83067815204605,False,"per-PBS library label + log2(measured PBS count), union bound",True,271679488
tfhe-rs-ks28,128,4,5,30.954031017600002,0.015930971798685342,lower-W clean radix-4,model-per-PBS,False,True,-136.03367815204604,True,"per-PBS library label + log2(measured PBS count), union bound",True,320278528
clot-bfv,128,4,5,18.4599484626,0.11268907264358281,lower-W clean radix-4,conditional-gaussian-layout-aware,False,True,-233.2012628237316,True,conditional Gaussian screen,True,4618833920
hybrid-grouped-rev-ld,128,4,5,3.7181749348,0.015480358409382607,lower-W clean radix-4,conditional-gaussian,False,True,-131.2613943316183,True,conditional Gaussian screen,True,629248000
hybrid-cached-rev-ld,128,4,5,4.9305693292,0.008063797112903417,lower-W clean radix-4,conditional-gaussian,False,True,-131.11188559228907,True,conditional Gaussian screen,True,550178816
st-reported-r2,128,8,5,6.1990745222,0.009034690224261534,lower-W small-key CC2 at delta 2^61,unverifiable-paper-parameters,False,True,nan,False,unverifiable: paper Table 2 parameters with assumed noise and CC2 delta 2^52; screen not applicable,True,478031872
tfhe-rs,128,8,5,16.1204165774,0.00838501377311562,lower-W clean radix-4,library-per-PBS,False,True,-115.83067815204605,False,"per-PBS library label + log2(measured PBS count), union bound",True,271708160
tfhe-rs-ks28,128,8,5,16.8502151926,0.005509956150974972,lower-W clean radix-4,model-per-PBS,False,True,-136.03367815204604,True,"per-PBS library label + log2(measured PBS count), union bound",True,313835520
clot-bfv,128,8,5,11.5158878284,0.06048199228774474,lower-W clean radix-4,conditional-gaussian-layout-aware,False,True,-233.2012628237316,True,conditional Gaussian screen,True,4619374592
hybrid-grouped-rev-ld,128,8,5,2.0924411998,0.003455367565528217,lower-W clean radix-4,conditional-gaussian,False,True,-131.2613943316183,True,conditional Gaussian screen,True,628727808
hybrid-cached-rev-ld,128,8,5,2.7650149654,0.005727932908684233,lower-W clean radix-4,conditional-gaussian,False,True,-131.11188559228907,True,conditional Gaussian screen,True,588005376
tfhe-rs,128,16,5,8.4487250954,0.013277619946823275,lower-W clean radix-4,library-per-PBS,False,True,-115.83067815204605,False,"per-PBS library label + log2(measured PBS count), union bound",True,272015360
tfhe-rs-ks28,128,16,5,8.806026258200001,0.03185315485618233,lower-W clean radix-4,model-per-PBS,False,True,-136.03367815204604,True,"per-PBS library label + log2(measured PBS count), union bound",True,314986496
clot-bfv,128,16,5,7.5469403316,0.03923936772330181,lower-W clean radix-4,conditional-gaussian-layout-aware,False,True,-233.2012628237316,True,conditional Gaussian screen,True,4618391552
hybrid-grouped-rev-ld,128,16,5,1.1697044909999998,0.02038545891124002,lower-W clean radix-4,conditional-gaussian,False,True,-131.2613943316183,True,conditional Gaussian screen,True,629252096
hybrid-cached-rev-ld,128,16,5,1.5446076496,0.010271054464853,lower-W clean radix-4,conditional-gaussian,False,True,-131.11188559228907,True,conditional Gaussian screen,True,661839872
st-reported-r2,128,16,5,3.2538692466,0.01626610198738907,lower-W small-key CC2 at delta 2^61,unverifiable-paper-parameters,False,True,nan,False,unverifiable: paper Table 2 parameters with assumed noise and CC2 delta 2^52; screen not applicable,True,486957056
tfhe-rs-ks28,128,32,5,5.1165517628,0.04498768624826436,lower-W clean radix-4,model-per-PBS,False,True,-136.03367815204604,True,"per-PBS library label + log2(measured PBS count), union bound",True,314871808
clot-bfv,128,32,5,5.8510479746,0.4041557399552034,lower-W clean radix-4,conditional-gaussian-layout-aware,False,True,-233.2012628237316,True,conditional Gaussian screen,True,4619034624
hybrid-grouped-rev-ld,128,32,5,0.747150053,0.02310151318469025,lower-W clean radix-4,conditional-gaussian,False,True,-131.2613943316183,True,conditional Gaussian screen,True,693284864
hybrid-cached-rev-ld,128,32,5,0.996770131,0.021689402786521633,lower-W clean radix-4,conditional-gaussian,False,True,-131.11188559228907,True,conditional Gaussian screen,True,724996096
st-reported-r2,128,32,5,1.9124097532,0.016946350703317507,lower-W small-key CC2 at delta 2^61,unverifiable-paper-parameters,False,True,nan,False,unverifiable: paper Table 2 parameters with assumed noise and CC2 delta 2^52; screen not applicable,True,523677696
tfhe-rs,128,32,5,4.759722132599999,0.02745742668020012,lower-W clean radix-4,library-per-PBS,False,True,-115.83067815204605,False,"per-PBS library label + log2(measured PBS count), union bound",True,272384000
clot-bfv,128,64,5,5.286921792799999,0.03953497324538375,lower-W clean radix-4,conditional-gaussian-layout-aware,False,True,-233.2012628237316,True,conditional Gaussian screen,True,4618756096
hybrid-grouped-rev-ld,128,64,5,0.6880602062,0.021654187353513727,lower-W clean radix-4,conditional-gaussian,False,True,-131.2613943316183,True,conditional Gaussian screen,True,824336384
hybrid-cached-rev-ld,128,64,5,0.9363439104,0.01893326005053747,lower-W clean radix-4,conditional-gaussian,False,True,-131.11188559228907,True,conditional Gaussian screen,True,865996800
st-reported-r2,128,64,5,1.575849204,0.02156676481886021,lower-W small-key CC2 at delta 2^61,unverifiable-paper-parameters,False,True,nan,False,unverifiable: paper Table 2 parameters with assumed noise and CC2 delta 2^52; screen not applicable,True,575807488
tfhe-rs,128,64,5,4.200911187,0.023265091312174125,lower-W clean radix-4,library-per-PBS,False,True,-115.83067815204605,False,"per-PBS library label + log2(measured PBS count), union bound",True,276705280
tfhe-rs-ks28,128,64,5,4.5186537016,0.02331369309838813,lower-W clean radix-4,model-per-PBS,False,True,-136.03367815204604,True,"per-PBS library label + log2(measured PBS count), union bound",True,320270336
