method,width,AB,AA
hybrid-grouped-rev-ld,16,-142.9,-142.7
hybrid-grouped-rev-ld,32,-139.9,-138.5
hybrid-grouped-rev-ld,64,-135.3,-131.9
hybrid-grouped-rev-ld,128,-134.7,-131.2
hybrid-grouped-rev-ld,256,-131.6,-128.9
hybrid-cached-rev-ld,16,-139.9,-136.2
hybrid-cached-rev-ld,32,-137.5,-131.8
hybrid-cached-rev-ld,64,-136.3,-131.5
hybrid-cached-rev-ld,128,-133.4,-131.1
hybrid-cached-rev-ld,256,-133.9,-131.0
hybrid-grouped-rev-mvb,16,-144.1,-144.0
hybrid-grouped-rev-mvb,32,-142.2,-141.2
hybrid-grouped-rev-mvb,64,-138.4,-134.8
hybrid-grouped-rev-mvb,128,-135.6,-132.2
hybrid-grouped-rev-mvb,256,-132.9,-129.9
hybrid-cached-rev-mvb,16,-142.6,-139.2
hybrid-cached-rev-mvb,32,-138.4,-132.7
hybrid-cached-rev-mvb,64,-137.4,-132.5
hybrid-cached-rev-mvb,128,-135.8,-132.3
hybrid-cached-rev-mvb,256,-133.7,-131.8
hybrid-4x4-rev-ld,16,-139.0,-137.1
hybrid-4x4-rev-ld,32,-136.4,-135.6
hybrid-4x4-rev-ld,64,-133.6,-133.3
hybrid-4x4-rev-ld,128,-132.5,-132.3
hybrid-4x4-rev-ld,256,-130.5,-130.4
